addressid,addressline1,addressline2,city,stateprovince,countryregion,postalcode,rowguid,modifieddate
9,8713 Yosemite Ct.,None,Bothell,Washington,United States,98011,268af621-76d7-4c78-9441-144fd139821a,2006-07-01 00:00:00
11,1318 Lasalle Street,None,Bothell,Washington,United States,98011,981b3303-aca2-49c7-9a96-fb670785b269,2007-04-01 00:00:00
25,9178 Jumping St.,None,Dallas,Texas,United States,75201,c8df3bd9-48f0-4654-a8dd-14a67a84d3c6,2006-09-01 00:00:00
28,9228 Via Del Sol,None,Phoenix,Arizona,United States,85004,12ae5ee1-fc3e-468b-9b92-3b970b169774,2005-09-01 00:00:00
32,26910 Indela Road,None,Montreal,Quebec,Canada,H1Y 2H5,84a95f62-3ae8-4e7e-bbd5-5a6f00cd982d,2006-08-01 00:00:00
185,2681 Eagle Peak,None,Bellevue,Washington,United States,98004,7bccf442-2268-46cc-8472-14c44c14e98c,2006-09-01 00:00:00
297,7943 Walnut Ave,None,Renton,Washington,United States,98055,52410da4-2778-4b1d-a599-95746625ce6d,2006-08-01 00:00:00
445,6388 Lake City Way,None,Burnaby,British Columbia,Canada,V5A 3A6,53572f25-9133-4a8b-a065-102ff35416ee,2006-09-01 00:00:00
446,52560 Free Street,None,Toronto,Ontario,Canada,M4B 1V7,801a1dfc-5125-486b-aa84-ccbd2ec57ca4,2005-08-01 00:00:00
447,22580 Free Street,None,Toronto,Ontario,Canada,M4B 1V7,88cee379-dbb8-433b-b84e-a35e09435500,2006-08-01 00:00:00
448,2575 Bloor Street East,None,Toronto,Ontario,Canada,M4B 1V6,2df6d0ad-0926-4f34-a450-9b1083150cbf,2007-08-01 00:00:00
449,Station E,None,Chalk Riber,Ontario,Canada,K0J 1J0,8b5a7729-cb75-4303-a607-7f9793b4d94f,2005-08-01 00:00:00
450,575 Rue St Amable,None,Quebec,Quebec,Canada,G1R,5f3c345a-6475-41d5-b17b-db8d27733bb1,2006-09-01 00:00:00
451,2512-4th Ave Sw,None,Calgary,Alberta,Canada,T2P 2G8,49644f1e-6f90-46d9-8dbb-9db15f0ef7ec,2006-12-01 00:00:00
452,55 Lakeshore Blvd East,None,Toronto,Ontario,Canada,M4B 1V6,a358652f-0e00-49e6-b6b0-de1099c43506,2005-09-01 00:00:00
453,6333 Cote Vertu,None,Montreal,Quebec,Canada,H1Y 2H7,355681f2-4d9d-4522-bfa0-105be64394d8,2007-09-01 00:00:00
454,3255 Front Street West,None,Toronto,Ontario,Canada,M4B 1V6,ef4dc57d-8b8b-4074-b5f0-acbef65dbec1,2007-08-01 00:00:00
455,2550 Signet Drive,None,Weston,Ontario,Canada,M9V 4W3,43d582cf-e95f-4861-ba60-2dc7121410a6,2006-08-01 00:00:00
456,6777 Kingsway,None,Burnaby,British Columbia,Canada,V5H 3Z7,2f3b383e-08a5-407d-ab1b-a1390e87a888,2006-08-01 00:00:00
457,5250-505 Burning St,None,Vancouver,British Columbia,Canada,V7L 4J4,93f02c61-783d-4f04-8a57-416f25817aba,2006-07-01 00:00:00
458,600 Slater Street,None,Ottawa,Ontario,Canada,K4B 1S2,49f4ee42-e20b-4e66-b43c-a28e9fc63ca0,2005-07-01 00:00:00
459,25575 The Queensway,None,Etobicoke,Ontario,Canada,M9W 3P3,616235ea-dc36-4c39-bf91-ffe12bb676e0,2005-08-01 00:00:00
460,2521 McPherson Street,None,Markham,Ontario,Canada,L3S 3K2,7d6f03ac-5d55-422e-850e-b8743fac81b2,2007-08-01 00:00:00
461,2560 Bay Street,None,Toronto,Ontario,Canada,M4B 1V7,726819a8-1b02-4efd-aeb9-3fd801d9f153,2006-08-01 00:00:00
462,630 University Avenue,None,Toronto,Ontario,Canada,M4B 1V7,27d5bdad-647d-4a56-859a-bc6a82af7dcd,2005-08-01 00:00:00
463,992 St Clair Ave East,None,Toronto,Ontario,Canada,M4B 1V7,d6ed51fa-6dd1-460c-99e0-64ba90f035ae,2005-09-01 00:00:00
464,99, Rue Saint-pierre,None,Pnot-Rouge,Quebec,Canada,J1E 2T7,c4a1ee36-8149-46b7-a313-a63010987a8e,2005-07-01 00:00:00
465,25245 Rue Sherbrooke Ouest,None,Montreal,Quebec,Canada,H1Y 2H5,10ee8c14-2792-4f02-b83d-92511d20470f,2007-07-01 00:00:00
466,655-4th Ave S.W.,None,Calgary,Alberta,Canada,T2P 2G8,09c5f0ba-7128-4455-832d-0df587248a5a,2005-08-01 00:00:00
467,25900-700-9th Ave S.W.,None,Calgary,Alberta,Canada,T2P 2G8,13560188-ce4a-470d-9913-49903047d459,2005-11-01 00:00:00
468,Po Box 83270,None,Vancouver,British Columbia,Canada,V7L 4J4,c00a5dff-b134-4900-9561-e67eeb425f9f,2007-08-01 00:00:00
469,400-25155 West Pender St,None,Vancouver,British Columbia,Canada,V7L 4J4,b81768f9-3b05-43dc-8dde-85ffca00d4de,2007-09-01 00:00:00
470,2511 Baker Road,None,Toronto,Ontario,Canada,M4B 1V7,6e934d97-69b9-4fcf-9e4e-56bf94e52986,2005-09-01 00:00:00
471,770 Notre Datme Quest Bureau 800,None,Montreal,Quebec,Canada,H1Y 2H7,5eda011d-31d1-4dfb-a78c-397b6335f85b,2005-09-01 00:00:00
472,250551 Shellbridge Way,None,Richmond,British Columbia,Canada,V6B 3P7,1a6a1a7b-e208-473d-a8f4-14a89d06fad2,2005-09-01 00:00:00
473,595 Burning Street,None,Vancouver,British Columbia,Canada,V7L 4J4,0ec83a85-137e-4cf3-b13d-3926277698b2,2005-09-01 00:00:00
474,252345 8810th Avenue,None,Surrey,British Columbia,Canada,V3T 4W3,447ca097-077d-4980-a431-8fafad156ced,2005-09-01 00:00:00
475,2512-410th Avenue S.W.,None,Calgary,Alberta,Canada,T2P 2G8,ec6c99b9-61e2-4400-8180-208f5a6c7eff,2007-09-01 00:00:00
476,258 King Street East,None,Toronto,Ontario,Canada,M4B 1V7,90c770a5-a474-43d1-9a67-0f5de336f9dc,2005-08-01 00:00:00
477,6th Floor Ferguson Block,None,Toronto,Ontario,Canada,M4B 1V7,39f3b067-2263-4591-abf9-d5210da4f783,2005-08-01 00:00:00
478,2545 King Street West,None,Toronto,Ontario,Canada,M4B 1V7,2817a0b7-8985-4527-bb7b-b75f55f4d8de,2005-08-01 00:00:00
479,2550 Middlefield Road,None,Scarborough,Ontario,Canada,M1V 4M2,e60801bf-cfb3-4606-a738-8aa0eb587afb,2005-08-01 00:00:00
480,25 First Canadian Place,None,Toronto,Ontario,Canada,M4B 1V5,07a009b2-1421-4597-ab85-22bce3c82b2c,2005-08-01 00:00:00
481,65 Gamelin Street,None,Hull,Quebec,Canada,8Y,f35e73ba-678f-4a0f-80bc-6385a7a6cb24,2006-08-01 00:00:00
482,2500 University Avenue,None,Toronto,Ontario,Canada,M4B 1V5,197a1735-e89e-4f15-a5f7-feb98b369094,2005-07-01 00:00:00
483,955 Green Valley Crescent,None,Ottawa,Ontario,Canada,K4B 1S1,c6b743c3-f830-43e4-ba58-dd36fc451d14,2007-09-01 00:00:00
484,2510 Crew Court,None,Montreal,Quebec,Canada,H1Y 2H8,1f41edc1-7144-4d6b-9cbd-4318c2358fa1,2008-06-01 00:00:00
485,9900-6400 Boul, Taschereau,None,Brossard,Quebec,Canada,J4Z 1R4,7c46d2fc-e31e-402f-a093-4cf18f7f6e54,2006-07-01 00:00:00
486,600 Boul. Rene-levesque Ouest,None,Montreal,Quebec,Canada,H1Y 2H7,112049e4-64d5-4305-9545-933e89b74f6e,2006-07-01 00:00:00
487,9259 - 1110th Avenue Sw,None,Calgary,Alberta,Canada,T2P 2G8,275ac976-0d23-4d97-9f58-bb186d1cc089,2006-09-01 00:00:00
488,45259 Canada Way,None,Burnaby,British Columbia,Canada,V5G 4S4,6d2d6846-3f17-474e-8d31-ad3a59c0ceb0,2007-08-01 00:00:00
489,9960 King Street E.,None,Toronto,Ontario,Canada,M4B 1V5,eb632e56-4299-4714-9e91-224319bdcb62,2007-08-01 00:00:00
490,9979 Bayview Drive,None,Barrie,Ontario,Canada,L4N,85d72a98-f631-457c-8fff-04faec508f5d,2006-08-01 00:00:00
491,20225 Lansing Ave,None,Montreal,Quebec,Canada,H1Y 2H7,a9b5a261-2463-4489-9951-eacfa29a8231,2007-09-01 00:00:00
492,99954 Boul. Laurier, Local 060, Place,None,Sainte-Foy,Quebec,Canada,G1W,541cde7c-3f3a-435f-a7b5-f30055dfbc68,2007-09-01 00:00:00
493,6th Floor 5250 Main Street,None,Winnipeg,Manitoba,Canada,R3,ac0e73d8-ff0a-42bd-8502-e19ebac7343f,2007-09-01 00:00:00
494,Box 99354 300 Union Street,None,Saint John,Brunswick,Canada,E2P 1E3,21ff77a8-39dc-44d8-917c-fdd645dbf9eb,2006-07-01 00:00:00
495,Suite 800 2530 Slater Street,None,Ottawa,Ontario,Canada,K4B 1T7,c6633ad5-006d-4967-b97e-7919dd48a700,2006-09-01 00:00:00
496,Suite 500 995 W. 11th Avenue,None,Mississauga,Ontario,Canada,L5A 1H6,496c1ad3-2925-4322-8811-890ab6107f67,2007-08-01 00:00:00
497,#9900 2700 Production Way,None,Burnaby,British Columbia,Canada,V5A 4X1,aa651b28-0a51-4084-8444-a70cc71bce65,2005-08-01 00:00:00
498,25537 Hillside Avenue,None,Victoria,British Columbia,Canada,V8V,385c24e0-e20c-40c9-bac9-95d70d5b6900,2005-08-01 00:00:00
499,Suite 2502 410 Albert Street,None,Waterloo,Ontario,Canada,N2V,44099b0e-03f3-447c-83bf-be4baa010a83,2006-08-01 00:00:00
500,5700 Explorer Drive,None,Mississauga,Ontario,Canada,L4W 5J3,f6fed7fa-39d9-4a60-a1f5-1622489e55fd,2005-08-01 00:00:00
501,965 De La Gauchetiere West,None,Montreal,Quebec,Canada,H1Y 2H8,acb9c033-18c6-4f02-975e-9c5226b96b72,2005-08-01 00:00:00
502,No. 25400 10665 Jasper Avenue,None,Edmonton,Alberta,Canada,T5,51180ca2-6614-46a5-b89c-ef7b0421c847,2006-08-01 00:00:00
503,P.O. Box 44000,None,Winnipeg,Manitoba,Canada,R3,c4f3e274-13e1-4a99-8fd3-2c7d3d1ee5a1,2005-08-01 00:00:00
504,Suite 99320 255 - 510th Avenue S.W.,None,Calgary,Alberta,Canada,T2P 2G8,cff7437f-6830-4797-875b-d9a54ea38975,2005-08-01 00:00:00
505,6400, 888 - 3rd Avenue,None,Calgary,Alberta,Canada,T2P 2G8,a6eff2b6-3b11-47ef-ab7e-701e5041c71c,2005-08-01 00:00:00
506,255117 - 101 Avenue,None,Surrey,British Columbia,Canada,V3T 4W3,22895b47-6086-4550-b437-a75dbedfe1d9,2005-08-01 00:00:00
507,975 Princess Street,None,Kingston,Ontario,Canada,7L,d7849f5f-c042-4fce-8f6b-ba5cd8708e10,2007-09-01 00:00:00
508,2900 - 25055 Dunning Street,None,Vancouver,British Columbia,Canada,V7L 4J4,4ee0334f-027c-4036-880f-6e9104e21533,2006-12-01 00:00:00
509,Suite 25800 3401 - 10810th Avenue,None,Surrey,British Columbia,Canada,V3T 4W3,28c52717-7117-41b6-a5c7-fda60d566163,2005-08-01 00:00:00
510,750 Philip Street,None,Waterloo,Ontario,Canada,N2V,f2b96299-187a-4e52-96de-fe9d1c8ab33f,2005-11-01 00:00:00
511,Bureau 9900 825, Avenue Querbes,None,Outremont,Quebec,Canada,H1Y 2G5,ef10cf20-a540-4d5c-befd-1b48b7d48402,2006-12-01 00:00:00
512,700 Bureau Road,None,Montreal,Quebec,Canada,H1Y 2H7,963f514b-7752-46e8-9742-1fd40a68ea33,2007-09-01 00:00:00
513,253711 Mayfield Place, Unit 150,None,Richmond,British Columbia,Canada,V6B 3P7,c418c2f4-6b32-4404-aab1-e0bec3958c11,2007-09-01 00:00:00
514,63 West Beaver Creek,None,Richmond Hill,Ontario,Canada,L4E 3M5,ad60dba9-3b01-47e9-bb5e-df94d0579f14,2006-09-01 00:00:00
515,9900 Ronson Drive,None,Etobicoke,Ontario,Canada,M9W 3P3,42242712-6dd2-423f-9b89-c953454e3b09,2006-07-01 00:00:00
516,251 Indell Lane,None,Brampton,Ontario,Canada,L6W 2T7,a1f36994-b5b3-4646-87ea-692a513395ea,2006-08-01 00:00:00
517,2573 Dufferin Street,None,Toronto,Ontario,Canada,M4B 1V5,97605c5c-8309-44f2-9a98-c5a5709497ff,2005-07-01 00:00:00
518,995 Crescent,None,Richmond Hill,Ontario,Canada,L4E 3M5,0b49022d-8b49-4cf6-b0a3-46231cd48441,2007-09-01 00:00:00
519,2500-622 5th Ave Sw,None,Calgary,Alberta,Canada,T2P 2G8,13754965-6a09-4343-968c-8699c27fdfaa,2006-08-01 00:00:00
520,6700 Boul Taschereau,None,Brossard,Quebec,Canada,J4Z 1C5,b730eaff-5828-4c8c-86c1-9137f50fca48,2005-09-01 00:00:00
521,55 Standish Court,None,Mississauga,Ontario,Canada,L5B 3V4,97c329e2-fa67-4478-aa7b-78a8deecf7ca,2006-09-01 00:00:00
522,43251 Viking Way, Unit 130,None,Richmond,British Columbia,Canada,V6B 3P7,842bcbe5-9da5-42d5-a4bb-4197db5b69c7,2007-02-01 00:00:00
523,46990 Viking Way,None,Richmond,British Columbia,Canada,V6B 3P7,85c88cd6-682c-4358-9f8c-5a24f4ccfd98,2005-08-01 00:00:00
524,9693 Louis H Lafontaine,None,Ville De'anjou,Quebec,Canada,J1G 2R3,acc21bd9-fb1b-4764-941b-2fb98aa4eb27,2006-08-01 00:00:00
525,69251 Creditview Road,None,Mississauga,Ontario,Canada,L5B 3V4,2ca11975-213a-46fb-a0be-2529003074cc,2005-07-01 00:00:00
526,251420a 170th Street,None,Edmonton,Alberta,Canada,T5,476d80ae-69a0-480d-9df3-8fd0c1095a21,2006-07-01 00:00:00
527,252851 Rowan Place,None,Richmond,British Columbia,Canada,V6B 3P7,11eaee50-8a14-4b81-951e-86701b6f60c0,2006-09-01 00:00:00
528,5990 Avebury Road,None,Mississauga,Ontario,Canada,L5B 3V4,d9928ccc-fc35-435a-8a0f-6887813e0e06,2005-09-01 00:00:00
529,254480 River Rd,None,Richmond,British Columbia,Canada,V6B 3P7,034076fd-cd0e-4ead-864e-8ce7f47d6612,2005-07-01 00:00:00
530,Suite #9902,None,North York,Ontario,Canada,M4C 4K6,fe36e0c8-ad8a-4d2c-bc53-5d69be5a9ce7,2005-07-01 00:00:00
531,5th Floor, 79 Place D'armes,None,Kingston,Ontario,Canada,7L,f6fb5f79-c5fa-4a7c-8d75-6e9243360308,2006-11-01 00:00:00
532,#500-75 O'Connor Street,None,Ottawa,Ontario,Canada,K4B 1S2,1b58b9bc-a691-4927-bf17-569e4be822f3,2005-12-01 00:00:00
533,4400 March Road,None,Kanata,Ontario,Canada,K2L 1H5,43484cd9-ad5b-41f4-a9cc-ddfbac4b5aa5,2005-11-01 00:00:00
534,Depot 80,None,Sillery,Quebec,Canada,G1T,3178440d-5c3a-48f2-af6b-0a607774e265,2005-08-01 00:00:00
535,250 Kingsbridge Garden Circle,None,Mississauga,Ontario,Canada,L5B 3V4,9771494e-9053-40f2-84a5-e0d108deefed,2005-11-01 00:00:00
536,No. 2000-25080 Beaver Hall Hill,None,Quebec,Quebec,Canada,G1R,0c38c439-4562-4e37-8f23-aff2c9005c38,2006-09-01 00:00:00
537,No. 25800-130 King Street West,None,Toronto,Ontario,Canada,M4B 1V5,c2bcdaec-366c-489c-bf43-8cc2881179f3,2005-09-01 00:00:00
538,25 Danger Street West,Floor 7,Toronto,Ontario,Canada,M4B 1V5,10b2404c-f0af-409c-af5d-0218beb03d0d,2007-08-01 00:00:00
539,6th Floor, 25st Canadian Place,None,Toronto,Ontario,Canada,M4B 1V5,d51784c0-cc77-48c2-8fa6-75405f3e35b9,2005-08-01 00:00:00
540,254 Colonnade Road,None,Nepean,Ontario,Canada,K2J 2W5,1c97f465-f2af-4d34-be8c-7afdad119425,2005-08-01 00:00:00
541,25981 College Street,None,Montreal,Quebec,Canada,H1Y 2H5,af56d631-eb1c-4716-a89b-88bc4ae04b93,2006-08-01 00:00:00
542,5 place Ville-Marie,None,Montreal,Quebec,Canada,H1Y 2H7,b242b256-254b-4624-b3af-bf0058bb0b7b,2006-09-01 00:00:00
543,6030 Conroy Road,None,Ottawa,Ontario,Canada,K4B 1S3,aa8f3ecb-c454-448b-b774-ff9cdf01e629,2006-09-01 00:00:00
544,30025 Wayburne Drive, Suite 275,None,Burnaby,British Columbia,Canada,V5G 4W1,4c65a591-c6b0-43d8-8faf-f4b1cb9953e1,2005-09-01 00:00:00
545,999 West Georgia St.,None,Vancouver,Ontario,Canada,V5T 1Y9,9d35f3c2-966e-4b3b-8d29-0e6ab8def01b,2006-09-01 00:00:00
546,250333 Southport Road, S.W.,None,Calgary,Alberta,Canada,T2P 2G8,11d29e3f-d9b2-4e24-ac01-eeba72da4ddf,2007-08-01 00:00:00
547,7000 Victoria Park Avenue,None,Toronto,Ontario,Canada,M4B 1V4,28125ec3-fdc2-45d8-93b3-cd7db2113424,2007-09-01 00:00:00
548,63 Free St.,None,Toronto,Ontario,Canada,M4B 1V4,5649c5d8-1798-4622-95bf-dc7e581284a0,2005-09-01 00:00:00
549,609 Evans Avenue,None,Toronto,Ontario,Canada,M4B 1V4,dcf9c9b5-a7b6-4383-9480-1f84130b5f8b,2006-09-01 00:00:00
550,2520 Flanders Road,None,Toronto,Ontario,Canada,M4B 1V4,a1d478e6-76da-445f-a924-0b5dee3c7cbb,2006-08-01 00:00:00
551,32605 West 252 Mile Road, Suite 250,None,Aurora,Ontario,Canada,L4G 7N6,e7567a62-3acf-4f0b-b202-e28b92de689a,2006-09-01 00:00:00
552,25730, boul. St-Régis,None,Dorval,Quebec,Canada,H9P 1H1,6832a3bd-56ec-42fe-8b4c-6bfd09f89eb4,2008-06-01 00:00:00
553,253131 Lake Frasier Drive, Office No. 2,None,Calgary,Alberta,Canada,T2P 2G8,ef7b5bd3-3a04-4a09-a0d2-02b98e3333dc,2005-08-01 00:00:00
554,9984 Wellington Street,None,Ottawa,Ontario,Canada,K4B 1S2,6e0797c9-fd43-418f-a5fe-8683292b95fe,2006-08-01 00:00:00
555,9950 Ferrand Drive, 9th Floor,None,Toronto,Ontario,Canada,M4B 1V4,32890831-931e-44ad-801b-41b1ad862eca,2005-09-01 00:00:00
556,990th Floor 700 De La GauchetiSre Ou,None,Montreal,Quebec,Canada,H1Y 2H3,87846d7c-ab01-41c6-a4cc-fad06d74d11b,2005-07-01 00:00:00
557,660 Saint-Jacques, Bureau 400,None,Montreal,Quebec,Canada,H1Y 2H8,dce88c1f-8bfe-4306-ba02-50446466c5e5,2006-09-01 00:00:00
558,67255 - 8th Street N.E., Suite 350,None,Calgary,Alberta,Canada,T2P 2G8,da596abb-b3af-48ec-a082-9e94cd870a5f,2006-12-01 00:00:00
559,12345 Sterling Avenue,None,Irving,Texas,United States,75061,0d39391c-a319-486b-ac9e-5863795d6675,2005-09-01 00:00:00
560,800 Interchange Blvd.,Suite 2501,Austin,Texas,United States,78701,5790365c-da3c-43bc-93d3-99104c038b71,2006-07-01 00:00:00
561,90025 Sterling St,None,Irving,Texas,United States,75061,c1ca3287-f642-44da-bba1-8ab47e1907dd,2006-09-01 00:00:00
562,2505 Gateway Drive,None,North Sioux City,South Dakota,United States,57049,57a5e455-526c-402a-bc5d-ee613bf58372,2005-08-01 00:00:00
563,74400 France Avenue South,None,Edina,Minnesota,United States,55436,a1841d05-cabd-4453-96e4-9b1e95ca2bc2,2006-09-01 00:00:00
564,509 Nafta Boulevard,None,Laredo,Texas,United States,78040,f9a8a87a-152f-4204-b5d2-dbcb8da1c13b,2005-08-01 00:00:00
565,25149 Howard Dr,None,West Chicago,Illinois,United States,60185,f4915606-499d-477d-8309-e8f92e9d8fe3,2005-09-01 00:00:00
566,63 W Monroe,None,Chicago,Illinois,United States,60610,61113716-53e4-4faa-a5a2-247b03f0f9c6,2005-11-01 00:00:00
567,Corporate Office,None,Garland,Texas,United States,75040,10cc0938-b0af-42e0-9176-564321c68787,2005-09-01 00:00:00
568,25269 N. Wood Dale Rd,None,Wood Dale,Illinois,United States,60191,e863927d-49fb-47ab-9ca6-a5f36d082b66,2005-09-01 00:00:00
569,Sapp Road West,None,Round Rock,Texas,United States,78664,b7ea2783-866e-4ad9-945c-914b674ad2cd,2005-09-01 00:00:00
570,52500 Liberty Way,None,Fort Worth,Texas,United States,76102,f5a1147f-761f-4577-bb48-bbef73b4a27f,2006-07-01 00:00:00
571,25550 Executive Dr,None,Elgin,Illinois,United States,60120,8caf52b2-d3e2-4a5f-a704-874768007f38,2005-12-01 00:00:00
572,P.O. Box 6256916,None,Dallas,Texas,United States,75201,206e0ff7-e120-4845-acb4-a4443ebf6429,2007-09-01 00:00:00
573,25269 Wood Dale Rd.,None,Wood Dale,Illinois,United States,60191,e4c1153e-6c1a-45df-addb-80fac429fa3f,2005-11-01 00:00:00
574,Po Box 8259024,None,Dallas,Texas,United States,75201,9794b438-2e91-4699-85df-5fcf98210ac1,2006-09-01 00:00:00
575,42500 W 76th St,None,Chicago,Illinois,United States,60610,cd335652-0913-40ea-9ae0-323066fc04f0,2006-09-01 00:00:00
576,4255 East Lies Road,None,Carol Stream,Illinois,United States,60188,c1a9793e-50b5-431c-82dd-8b36acc9ac4e,2005-11-01 00:00:00
577,2500 North Stemmons Freeway,None,Dallas,Texas,United States,75201,c91ed16c-4407-4eed-a241-c8327e5e50c2,2006-09-01 00:00:00
578,220 Mercy Drive,None,Garland,Texas,United States,75040,791e9c8d-6c3a-4cfd-9f0a-c4a99424c268,2005-07-01 00:00:00
579,25 N State St,None,Chicago,Illinois,United States,60610,02d95901-41c1-4479-a04f-9ffb5a2675e3,2006-07-01 00:00:00
580,2509 W. Frankford,None,Carrollton,Texas,United States,75006,a0dbc338-cf0e-4962-9fbf-63220aeca66e,2006-07-01 00:00:00
581,Po Box 8035996,None,Dallas,Texas,United States,75201,cc8321ba-c938-4765-8175-9126d432957f,2007-09-01 00:00:00
582,5700 Legacy Dr,None,Plano,Texas,United States,75074,08ebf5a9-2171-433e-85b8-56fff949d041,2007-09-01 00:00:00
583,625 W Jackson Blvd. Unit 2502,None,Chicago,Illinois,United States,60610,a35c7ac7-5ae8-43d9-92e7-180d78a9a7b8,2007-03-01 00:00:00
584,250880 Baur Blvd,None,Saint Louis,Missouri,United States,63103,ed1ee7da-5087-4e7a-b019-7782742bc451,2007-07-01 00:00:00
585,Noah Lane,None,Chicago,Illinois,United States,60610,e9408fbb-1c28-4923-9d85-2dfadb3b4b6b,2006-08-01 00:00:00
586,6030 Robinson Road,None,Jefferson City,Missouri,United States,65101,35b2fb0c-60ea-48f2-814a-f6813242858e,2005-09-01 00:00:00
587,25500 Old Spanish Trail,None,Houston,Texas,United States,77003,9a71e3c4-caea-4c5c-a146-5b85a513d82f,2005-08-01 00:00:00
588,99828 Routh Street, Suite 825,None,Dallas,Texas,United States,75201,180f5a76-930d-4b70-9d70-7aa3e49bb71e,2005-08-01 00:00:00
589,One Dancing, Rr No. 25,Box 8033,Round Rock,Texas,United States,78664,a514f151-6b2d-452c-a983-d68aed9e112e,2005-09-01 00:00:00
590,9995 West Central Entrance,None,Duluth,Minnesota,United States,55802,86553e06-3bf8-4c21-8e40-ae95309c4b3e,2006-07-01 00:00:00
591,48255 I-10 E. @ Eastpoint Blvd.,None,Baytown,Texas,United States,77520,8d604ca1-2f01-46c1-9041-39915144b446,2006-09-01 00:00:00
592,9903 Highway 6 South,None,Houston,Texas,United States,77003,ce585616-c47c-4bd4-8d71-1755b6417770,2005-07-01 00:00:00
593,2345 North Freeway,None,Houston,Texas,United States,77003,74e5959f-4c5f-4bda-abcf-429762e1670d,2005-08-01 00:00:00
594,123 W. Lake Ave.,None,Peoria,Illinois,United States,61606,c9f2b21e-3edb-4315-aa03-8adde7d8a598,2006-08-01 00:00:00
595,660 Lindbergh,None,Saint Louis,Missouri,United States,63103,012d17ba-c426-40c2-a9fd-85093e2ceb8a,2006-09-01 00:00:00
596,72540 Blanco Rd.,None,San Antonio,Texas,United States,78204,5ec50e4c-3026-4bd5-9a15-00776ad22eec,2005-08-01 00:00:00
597,99450 Highway 59 North,None,Humble,Texas,United States,77338,3bd8466e-2a52-4661-8460-50736409ee8a,2006-08-01 00:00:00
598,455 256th St.,None,Moline,Illinois,United States,61265,fbedd917-c269-4e36-a791-58b35f34b107,2005-08-01 00:00:00
599,70 N.W. Plaza,None,Saint Ann,Missouri,United States,63074,4735a716-33c4-4366-bcc0-410bceef3e2c,2007-08-01 00:00:00
600,25095 W. Florissant,None,Ferguson,Missouri,United States,63135,1a51283c-12bb-462e-a1b8-a0039c18e6d8,2005-08-01 00:00:00
601,6996 South Lindbergh,None,Saint Louis,Missouri,United States,63103,a8f4d544-a137-4775-b6c9-7c85a12a4ddc,2006-08-01 00:00:00
602,6425 Nw Loop 410,None,San Antonio,Texas,United States,78204,6241806c-c9cc-46aa-a91f-b663c7e0c8bb,2006-09-01 00:00:00
603,9500b E. Central Texas Expressway,None,Killeen,Texas,United States,76541,0e6e9e86-a637-4fd5-a945-ac342bfd715b,2007-08-01 00:00:00
604,1200 First Ave.,None,Joliet,Illinois,United States,60433,79972b72-7d84-4a33-ae27-44a5efaef39d,2007-09-01 00:00:00
605,7760 N. Pan Am Expwy,None,San Antonio,Texas,United States,78204,6c3da38c-887d-410c-b022-8f2bf2db3339,2005-09-01 00:00:00
606,99433 S. Greenbay Rd.,None,Racine,Wisconsin,United States,53182,48f98b9b-cf62-4a87-95e8-44da6aac6f97,2005-09-01 00:00:00
607,25220 Airline Road,None,Corpus Christi,Texas,United States,78404,6e7fe435-895a-4e65-913b-2ad21cf4ce6d,2006-08-01 00:00:00
608,25306 Harvey Rd.,None,College Station,Texas,United States,77840,49d7554e-852f-4d68-81b5-44c7a615f117,2006-08-01 00:00:00
609,3900 S. 997th St.,None,Milwaukee,Wisconsin,United States,53202,7394624a-5ca8-4adc-923c-235d971514b8,2005-09-01 00:00:00
610,44025 W. Empire,None,Denby,South Dakota,United States,57716,8afb400f-1fe5-460d-bc56-4a7bf801b41b,2007-09-01 00:00:00
611,23025 S.W. Military Rd.,None,San Antonio,Texas,United States,78204,76ed2669-d8a8-4468-943d-7319a9b18fe3,2005-08-01 00:00:00
612,Ring Plaza,None,Norridge,Illinois,United States,60706,60ab96a4-26f6-439c-9f32-238bd16b293f,2006-09-01 00:00:00
613,Lakeline Mall,None,Cedar Park,Texas,United States,78613,d26f02d6-326a-4088-b9ee-d441dfdfa1df,2006-09-01 00:00:00
614,Town East Center,None,Mesquite,Texas,United States,75149,7ba1af96-5a8e-4259-835c-da67db296a5e,2006-09-01 00:00:00
615,Fountains On The Lake,None,Stafford,Texas,United States,77477,bc2d6156-bcf7-47f7-a409-31122653f701,2005-07-01 00:00:00
616,Southwest Outlet,None,Hillsboro,Texas,United States,76645,47f987f7-44ff-4372-aaf5-4cc7b7f64216,2005-07-01 00:00:00
617,Johnson Creek,None,Johnson Creek,Wisconsin,United States,53038,aca53503-0920-446d-9c54-b83d7949d019,2007-06-01 00:00:00
618,Blue Ridge Mall,None,Kansas City,Missouri,United States,64106,8612fbad-3ce1-435b-be0b-5a48ddbd2b62,2006-12-01 00:00:00
619,First Colony Mall,None,Sugar Land,Texas,United States,77478,da205e92-2867-48a9-bf18-4558a31272ae,2005-12-01 00:00:00
620,Horizon Outlet,None,Woodbury,Minnesota,United States,55125,70080b27-59bd-4ba1-84d2-68204b304d70,2005-09-01 00:00:00
621,Tanger Factory,None,Branch,Minnesota,United States,55056,75d18db1-c9ef-4dad-bbd2-697ff73faf6c,2005-09-01 00:00:00
622,Management Mall,None,San Antonio,Texas,United States,78204,e82d1276-e19a-4fad-90f5-7e19af94ea64,2006-03-01 00:00:00
623,Ohms Road,None,Houston,Texas,United States,77003,d4688e5c-2d2d-4925-b58a-356c117728d8,2007-07-01 00:00:00
624,Factory Merchants,None,Branson,Missouri,United States,65616,dc707744-912b-4e7a-945a-1b959168dc94,2007-02-01 00:00:00
625,Cedar Creek Stores,None,Mosinee,Wisconsin,United States,54455,2e6e124e-bb43-4d40-8515-82dda7994bd4,2007-08-01 00:00:00
626,Lone Star Factory,None,La Marque,Texas,United States,77568,5f33b654-e091-4b2f-b5bd-ac5ac6d47ee6,2007-08-01 00:00:00
627,Sports Stores @ Tuscola,None,Tuscola,Illinois,United States,61953,808efdc0-ea1b-437d-88c0-a3b6a8864b7f,2006-07-01 00:00:00
628,City Center,None,Minneapolis,Minnesota,United States,55402,b80975d1-ab6e-42f1-b328-5db1d445e2c9,2005-08-01 00:00:00
629,St. Louis Marketplace,None,Saint Louis,Missouri,United States,63103,163fde0a-2148-44bc-9fc1-a7390650127c,2005-07-01 00:00:00
630,Lincoln Square,None,Arlington,Texas,United States,76010,734de48f-7f95-4386-986e-f8ab86c194a0,2005-09-01 00:00:00
631,Kansas City Factory Outlet,None,Odessa,Missouri,United States,64076,bcd46b97-395d-4eef-a712-245ba629621f,2005-07-01 00:00:00
632,Fiesta Trail Shopping Center,None,San Antonio,Texas,United States,78204,f79532d7-38e9-42ec-8ea4-c9d7e1c13c12,2005-07-01 00:00:00
633,Medford Outlet Center,None,Medford,Minnesota,United States,55049,7cda3069-3b49-4205-b853-40744d7d875f,2006-08-01 00:00:00
634,Ward Parkway Center,None,Kansas City,Missouri,United States,64106,3f2aa425-7d02-461a-a9c4-222ae41e3fe5,2006-09-01 00:00:00
635,93-2501, Blackfriars Road,,None,London,England,United Kingdom,SE1 8HL,00e75f99-488c-462d-a0bc-ac3c08a9db77,2006-09-01 00:00:00
636,Science Park South, Birchwood,Stanford House,Warrington,England,United Kingdom,WA3 7BH,c0fc2d5b-88e7-4b60-8447-bb3522bd79e5,2007-07-01 00:00:00
637,Phoenix Way, Cirencester,None,Gloucestershire,England,United Kingdom,GL7 1RY,10a3d496-881e-4042-bbd0-5802cf73a872,2007-09-01 00:00:00
638,255 Irving Street,None,London,England,United Kingdom,C2H 7AU,d8a77424-94ae-43ab-a011-1a9ebb3852e7,2007-08-01 00:00:00
639,Garamonde Drive, Wymbush,PO Box 4023,Milton Keynes,England,United Kingdom,MK8 8ZD,8f34cedd-fb6e-4814-b509-9965a31bc2e5,2007-09-01 00:00:00
640,251 The Metro Center,None,Wokingham,England,United Kingdom,RG41 1QW,0e4ac5bb-be0d-4a96-a58e-064daec08e1a,2007-09-01 00:00:00
641,Bradford,None,W. York,England,United Kingdom,BD1 4SJ,f7b99541-1ce1-4ab6-ae0d-548e8ff4abcd,2006-08-01 00:00:00
642,Galashiels,None,Liverpool,England,United Kingdom,L4 4HB,3593cdf3-38ec-4847-ad42-157220e68f32,2007-09-01 00:00:00
643,Banbury,None,Oxon,England,United Kingdom,OX16 8RS,99ff4c64-b405-4ac1-85ed-49e4e60ef87f,2006-09-01 00:00:00
644,Bradford,Raven House, Kingsgate,W. York,England,United Kingdom,BD1 4SJ,65684e2e-d39c-4ef7-80d8-86c2f576c3c2,2007-08-01 00:00:00
645,Garamonde Drive, Wymbush,P.O. Box 803,Milton Keynes,England,United Kingdom,MK8 8ZD,6ef999e7-5510-4b02-b89e-ddcf51ae3864,2007-07-01 00:00:00
646,Butterfield Hse, 7-251 Chapel St,None,Lancaster,England,United Kingdom,LA1 1LN,bce1f4b3-a9c0-413e-ac8d-4c07a960e26c,2006-08-01 00:00:00
647,Wade Road,None,Basingstoke Hants,England,United Kingdom,RG24 8PL,578c2529-f11c-4bf3-8084-6b505461e1cc,2007-07-01 00:00:00
648,586 Fulham Road,,None,London,England,United Kingdom,SW6 SBY,0da65673-2a35-4e6a-a607-a6cc2d134ea8,2007-08-01 00:00:00
649,Knaves Beech Ind.,None,High Wycombe,England,United Kingdom,HP10 9QY,11fcff74-5c80-4b37-a842-45c765d96029,2007-09-01 00:00:00
650,Elmhurst Road, Goring,None,Reading,England,United Kingdom,RG7 5H7,e4c0c239-182f-45b7-a6bb-b7e142ff0657,2006-07-01 00:00:00
651,New Millhouse, 2583 Milton Park,None,Abingdon,England,United Kingdom,OX14 4SE,e844b847-b0b3-491d-a4f1-0b78f56e4424,2007-09-01 00:00:00
652,Wymbush,None,Milton Keynes,England,United Kingdom,MK8 8DF,54e20963-b0e9-41cf-ab7e-d50459a3325c,2006-09-01 00:00:00
653,Burgess Hill,Edward Way,West Sussex,England,United Kingdom,RH15 9UD,38cc8647-b4bb-4669-b21d-c7497e76478d,2006-09-01 00:00:00
654,308-3250 Casting Road,None,York,England,United Kingdom,Y024 1GF,9d67c322-8698-440a-8f3e-5e1e30edbd0d,2007-08-01 00:00:00
655,Wharfdale Road,None,Berkshire,England,United Kingdom,RG11 5TP,d0e03fcb-116e-4ad2-8b17-5c2f9fd3e8b0,2006-08-01 00:00:00
656,7 Pioneer Business Park,None,York,England,United Kingdom,Y03 4TN,48865e15-033a-40ff-8327-18723d4a8846,2007-08-01 00:00:00
657,Unit 99a Battery Retail Pk,None,Birmingham,England,United Kingdom,B29 6SL,371a70e0-5802-4df9-bb28-5b6bdf202283,2006-08-01 00:00:00
658,Ellesfield Ave,None,Bracknell,England,United Kingdom,RG12 8TB,bc28152f-8005-4c0e-98ff-51bf77a4a667,2006-08-01 00:00:00
659,Warrington Ldc Unit 25/2,None,Woolston,England,United Kingdom,WA1 4SY,f44a7d0d-9bc5-427e-b3ae-f638dd5804b0,2007-09-01 00:00:00
660,6 The Farm, Liberty Road,None,Maidenhead,England,United Kingdom,SL67RJ,e22d616b-ea06-48e9-a00f-b1c4bb02f595,2007-09-01 00:00:00
661,725a The Arches,None,Berks,England,United Kingdom,SL4 1RH,38f5f598-e9bb-499c-b90d-088b2cd1b5bd,2006-08-01 00:00:00
662,Paramount House,None,London,England,United Kingdom,W1N 9FA,e50d1077-d135-41cc-a0b1-c53395f94541,2006-09-01 00:00:00
663,2524 Barlby Road,None,London,England,United Kingdom,W10 6BL,d8e96eba-258c-4f6c-83bb-4ccb2235bbf7,2007-08-01 00:00:00
664,99-3 Forest Works,None,London,England,United Kingdom,E17 6JF,eb46af5a-ec2b-41ff-914e-ddae8ec1f476,2006-07-01 00:00:00
665,46-44 Albemarle Street,None,London,England,United Kingdom,W1X3SE,1b01b172-96ce-4601-ad19-f545dcdfd62f,2007-08-01 00:00:00
666,399 Clearing Green,None,London,England,United Kingdom,EC1R 0DU,bab4b0a1-055a-4581-a93f-e00c65c54fb6,2006-08-01 00:00:00
667,997b Tradescant Road,None,London,England,United Kingdom,SW8 1XD,0a318015-4fbe-479a-b2da-eee21df430af,2006-08-01 00:00:00
668,2574 Milton Park,None,Oxford,England,United Kingdom,OX14 4SE,62d0c689-cf44-4ab3-9c3e-6142f4e0101c,2007-08-01 00:00:00
669,Internet House, 3399 Science Park,None,Cambridge,England,United Kingdom,CB4 4BZ,56baec2a-5cc5-4a90-bef9-ee57e82f2e69,2006-12-01 00:00:00
670,7 Garden House Cloisters, 8 Batters,None,London,England,United Kingdom,SW8 4BG,333daff8-f22f-488c-928c-e6eccf65452b,2006-07-01 00:00:00
671,25 Hartfield Road, Wimbledon,None,London,England,United Kingdom,SW19 3RU,00fd96bc-6ee6-4d2c-a88c-07bc1cae6efe,2008-02-01 00:00:00
672,99 Dean Street, Soho,None,London,England,United Kingdom,W1V 5RN,ecebd4b1-11c3-4681-a6da-2f73148fb63e,2006-09-01 00:00:00
673,Park House-4th Floor, 2516 Park St.,None,London,England,United Kingdom,W1Y 3RA,2506679e-041b-4d52-b9a9-07a0d5e88eea,2006-08-01 00:00:00
674,67 Vincent Square, Victoria,None,London,England,United Kingdom,SW1P 2NU,1a398c1b-2085-4f6d-a6eb-56493855c5d1,2007-09-01 00:00:00
756,855 East Main Avenue,None,Zeeland,Michigan,United States,49464,7cc420b7-b43c-4e40-98ed-6c10cec91c54,2005-08-01 00:00:00
774,9920 North Telegraph Rd.,None,Pontiac,Michigan,United States,48342,7bc77b2e-ed84-443a-bd50-f67718dea95d,2005-09-01 00:00:00
775,46460 West Oaks Drive,None,Novi,Michigan,United States,48375,d0614a62-08e0-4f83-ac72-51f58170b653,2006-09-01 00:00:00
776,997000 Telegraph Rd.,None,Southfield,Michigan,United States,48034,f0159341-8cdb-4587-bc74-95ffb9e7d662,2005-11-01 00:00:00
785,399700 John R. Rd.,None,Madison Heights,Michigan,United States,48071,7b234147-cd95-45e8-a1d5-711fe6a33dac,2005-08-01 00:00:00
786,6789 Warren Road,None,Westland,Michigan,United States,48185,90b0cf86-70e1-45d8-b6fd-0e1804a734c2,2006-12-01 00:00:00
788,2533 Eureka Rd.,None,Southgate,Michigan,United States,48195,7ef698fa-908e-42bb-8a2d-c62f5106323a,2006-09-01 00:00:00
789,250000 Eight Mile Road,None,Detroit,Michigan,United States,48226,66255753-b1b9-49c0-ab1d-1de8217d5142,2006-08-01 00:00:00
794,998 Forest Road,None,Saginaw,Michigan,United States,48601,01094c1b-2d79-402d-8106-9e80fbd57dc8,2007-08-01 00:00:00
795,99800 Tittabawasee Rd.,None,Saginaw,Michigan,United States,48601,34d6d2d5-feec-40b8-97b5-cceb89164305,2006-08-01 00:00:00
797,678 Eastman Ave.,None,Midland,Michigan,United States,48640,986de66f-74e6-4830-a2ad-9212efb77b76,2006-09-01 00:00:00
801,Horizon Outlet Center,None,Holland,Michigan,United States,49423,dc15ba52-b66c-4c5f-bdaf-1713e8c54b46,2005-07-01 00:00:00
806,Horizon Outlet Center,None,Monroe,Michigan,United States,98272,a986c31b-4b63-4925-aafd-b95260d5d586,2006-08-01 00:00:00
810,Redford Plaza,None,Redford,Michigan,United States,48239,43e988f4-b82d-4424-a59f-43dd81f9016b,2005-07-01 00:00:00
825,Port Huron,None,Port Huron,Michigan,United States,48060,a1cadf47-c018-40cc-8381-6cc940de46c8,2005-10-01 00:00:00
826,Kensington Valley Shops,None,Howell,Michigan,United States,48843,c2d04d48-ef2b-4349-877b-ea6df9895079,2006-07-01 00:00:00
832,2251 Elliot Avenue,None,Seattle,Washington,United States,98104,6d6a8e1a-ffd8-4d2d-a70d-88467049a880,2005-08-01 00:00:00
833,3207 S Grady Way,None,Renton,Washington,United States,98055,4e670a74-8ace-44c8-91ed-76cba7190bc2,2006-08-01 00:00:00
834,99300 223rd Southeast,None,Bothell,Washington,United States,98011,d505aea8-b89a-41ed-90a9-44d4179eff77,2007-04-01 00:00:00
835,259826 Russell Rd. South,None,Kent,Washington,United States,98031,5d3832b3-72dd-4a9b-a596-8293d4037c18,2005-09-01 00:00:00
836,35525-9th Street Sw,None,Puyallup,Washington,United States,98371,77232d41-48bb-4c8d-8323-5581753e9531,2006-09-01 00:00:00
837,640 South 994th St. W.,None,Billings,Montana,United States,59101,4e75ad15-557e-4c4d-9aeb-68a9718b412a,2007-09-01 00:00:00
838,25300 Biddle Road,None,Medford,Oregon,United States,97504,349cbab0-e4e3-40b2-ac50-3ea087110f8b,2007-09-01 00:00:00
839,Gateway,None,Portland,Oregon,United States,97205,3a56b180-70cd-42fe-a19c-f62b5037aa3a,2006-08-01 00:00:00
840,Great Northwestern,None,North Bend,Washington,United States,98045,1ef6e60f-3582-4298-a7ad-195be59ba7b7,2005-08-01 00:00:00
841,Washington Square,None,Portland,Oregon,United States,97205,7b5ae329-fb7c-4a2c-b33c-827920acacdc,2005-11-01 00:00:00
842,258101 Nw Evergreen Parkway,None,Beaverton,Oregon,United States,97005,eb5a214a-15a1-4e25-b405-dc0ef9907874,2005-09-01 00:00:00
843,253950 N.E. 178th Place,None,Woodinville,Washington,United States,98072,e75a2222-d636-4494-a314-2125ee2336f8,2005-09-01 00:00:00
844,755 Nw Grandstand,None,Issaquah,Washington,United States,98027,0e8578f8-21f7-482d-8dd8-8aa52f68f70a,2007-09-01 00:00:00
845,22571 South 2500 East,None,Idaho Falls,Idaho,United States,83402,1e5743c8-b8f7-4a65-b812-0302ffcb9d0e,2007-07-01 00:00:00
846,257700 Ne 76th Street,None,Redmond,Washington,United States,98052,e606ad23-f6d4-4aa5-b177-7d03d62b0187,2006-08-01 00:00:00
847,25102 Springwater,None,Wenatchee,Washington,United States,98801,f84f402f-9bd5-432e-a1d6-f284a6dffa29,2006-06-01 00:00:00
848,Bldg. 9n/99298,None,Redmond,Washington,United States,98052,f8ef420d-b3c8-48b1-a237-4a7d2dad987e,2005-08-01 00:00:00
849,4251 First Avenue,None,Seattle,Washington,United States,98104,a077368b-26bf-41b7-b35f-fc380092e6b9,2005-07-01 00:00:00
850,558 S 6th St,None,Klamath Falls,Oregon,United States,97601,329894ab-0142-4d9b-9851-2da2f6dc95e3,2007-09-01 00:00:00
851,994 Sw Cherry Park Rd,None,Troutdale,Oregon,United States,97060,fcde15ff-85d3-4136-9fb6-ea493f39605e,2005-08-01 00:00:00
852,25718 Se Sunnyside Rd,None,Clackamas,Oregon,United States,97015-6403,e85ac59f-59b6-4ed2-9436-fcdb78959b80,2007-08-01 00:00:00
853,567 Sw Mcloughlin Blvd,None,Milwaukie,Oregon,United States,97222,055b060a-7da2-455c-bcb3-a8dcea4c5156,2007-09-01 00:00:00
854,490 Ne 4th St,None,Renton,Washington,United States,98055,471190d7-86c1-48cd-985a-7046b1b89c3c,2007-08-01 00:00:00
855,15 East Main,None,Port Orchard,Washington,United States,98366,09926325-7f83-427b-83d6-817df7d70ce9,2005-07-01 00:00:00
856,3025 E Waterway Blvd,None,Shelton,Washington,United States,98584,779d4f7d-c90c-4a8a-bf29-41613e8907ef,2006-11-01 00:00:00
857,7990 Ocean Beach Hwy.,None,Longview,Washington,United States,98632,873d03b3-e2ef-4b8b-add8-f237fdc7fe31,2005-08-01 00:00:00
858,2345 West Spencer Road,None,Lynnwood,Washington,United States,98036,68aeb59d-0f79-4a0d-92ef-4d0c2beb5821,2006-09-01 00:00:00
859,1050 Oak Street,None,Seattle,Washington,United States,98104,8caaf6be-9c88-466d-862c-ae7673e3d0f0,2006-08-01 00:00:00
860,4927 S Meridian Ave Ste D,None,Puyallup,Washington,United States,98371,ff2be5e9-7d22-4c1c-acf8-199148e957ab,2006-07-01 00:00:00
861,25915 140th Ave Ne,None,Bellevue,Washington,United States,98004,0d46f203-cdb6-4495-83f5-a97ff0cec174,2006-09-01 00:00:00
862,3307 Evergreen Blvd,Ste 1071,Washougal,Washington,United States,98671,0c81cbd2-96d3-40c1-97d4-056d776b7676,2005-11-01 00:00:00
863,2507 Pacific Ave S,None,Tacoma,Washington,United States,98403,fbac273f-934e-474f-9ccb-f96ca9ae889d,2005-09-01 00:00:00
864,67 Rainer Ave S,None,Renton,Washington,United States,98055,a2fc2f01-c6be-4af4-b718-2a86eb782e5f,2005-08-01 00:00:00
865,750 Lakeway Dr,None,Bellingham,Washington,United States,98225,243020ec-84c3-417a-b34d-f7760ff130d1,2006-07-01 00:00:00
866,2528 Meridian E,None,Puyallup,Washington,United States,98371,5668e02c-16fa-4331-8603-29ee11417843,2007-08-01 00:00:00
867,48995 Evergreen Wy.,None,Everett,Washington,United States,98201,6cd4e374-0ef8-4cee-ac60-9dbf1f4e0007,2007-09-01 00:00:00
868,25111 228th St Sw,None,Bothell,Washington,United States,98011,40100c97-5097-43be-9f44-abd881220e8f,2006-07-01 00:00:00
869,2583 Se 272nd St,None,Kent,Washington,United States,98031,e13c4f18-990a-4b7d-9fc9-afd0ea943b13,2005-08-01 00:00:00
870,409 S. Main Ste. 25,None,Ellensburg,Washington,United States,98926,955e88ea-083d-446e-a856-42cb0692826a,2006-08-01 00:00:00
871,2502 Evergreen Ste E,None,Everett,Washington,United States,98201,3ae9003f-f806-41ad-98a5-3c4a86514bc3,2005-07-01 00:00:00
872,755 W Washington Ave Ste D,None,Sequim,Washington,United States,98382,932514a1-04e4-4e95-b97c-0ad4c06b890e,2007-08-01 00:00:00
873,44606 N Division St,None,Spokane,Washington,United States,99202,3438afb3-390c-48d5-8ccf-5438278d981d,2007-08-01 00:00:00
874,2550 Ne Sandy Blvd,None,Portland,Oregon,United States,97205,14d5dde7-c771-4819-9ff1-a4faa66f0e7a,2006-09-01 00:00:00
875,2540 Dell Range Blvd,None,Cheyenne,Wyoming,United States,82001,3ac8958a-76ee-41ca-8a88-2b783ea18acc,2006-07-01 00:00:00
876,765 Delridge Way Sw,None,Seattle,Washington,United States,98104,cb1392f5-fcb9-4cf5-b4c9-33fafb876c3d,2005-07-01 00:00:00
877,4781 Highway 95,None,Sandpoint,Idaho,United States,83864,49f0b458-40cd-4852-a936-8576070fcb96,2006-07-01 00:00:00
878,4210 E Sprague Ave,None,Spokane,Washington,United States,99202,7c04cf1b-ad79-44d4-9611-381b2f094f96,2006-07-01 00:00:00
879,Valley Mall,None,Union Gap,Washington,United States,98903,860cb49b-5774-441f-b8c5-753ca50fa5e1,2006-07-01 00:00:00
880,S Sound Ctr Suite 25300,None,Lacey,Washington,United States,98503,3a400497-1000-4d9f-bb8d-d9cbf00c2822,2005-08-01 00:00:00
881,Southgate Mall,None,Missoula,Montana,United States,59801,3ded7f59-79a9-4034-98f9-f2a0b045d7ae,2006-10-01 00:00:00
882,Medford,None,Medford,Oregon,United States,97504,dbc16bdd-c86d-4d5f-91f5-79fa000716fb,2007-07-01 00:00:00
883,Heritage Mall,None,Albany,Oregon,United States,97321,cf9c1921-d741-4576-9d32-849e62d57698,2007-07-01 00:00:00
884,Lewis County Mall,None,Chehalis,Washington,United States,98532,2f91410b-2988-4e8f-bf01-8009c2f9abba,2005-08-01 00:00:00
885,755 Columbia Ctr Blvd,None,Kennewick,Washington,United States,99337,f3b58620-4857-44a0-9c48-51f21c1ca0c8,2007-09-01 00:00:00
886,Lancaster Mall,None,Salem,Oregon,United States,97301,3513c4cd-96af-4e5f-b3ff-32d268fb5f54,2006-08-01 00:00:00
887,Lewiston Mall,None,Lewiston,Idaho,United States,83501,4ddbacc9-7898-403e-856a-128e34245424,2006-09-01 00:00:00
888,Three Rivers Mall,None,Kelso,Washington,United States,98626,834ae73a-01a9-4850-9f8c-6db5d1344aad,2007-07-01 00:00:00
889,Eastridge Mall,None,Casper,Wyoming,United States,82601,6d5c5880-2c83-4df1-b8ce-46cfe9a9ffac,2005-07-01 00:00:00
890,Holiday Village Mall,None,Great Falls,Montana,United States,59401,5fe7c888-bb21-421e-9b8b-38da8da10085,2005-11-01 00:00:00
891,2526a Tri-Lake Blvd Ne,None,Kirkland,Washington,United States,98033,ec34e865-d130-403f-a437-d92d7ef02f05,2005-12-01 00:00:00
892,Frontier Mall,None,Cheyenne,Wyoming,United States,82001,cb0a8223-fd82-4d26-b7c7-0c120e4eafc5,2005-08-01 00:00:00
893,White Mountain Mall,None,Rock Springs,Wyoming,United States,82901,9308a21d-aae2-42e2-889d-2cd802072d36,2007-07-01 00:00:00
894,3390 South 23rd St.,None,Tacoma,Washington,United States,98403,e7979fa4-253c-41fd-b74f-2feec966a6b5,2006-01-01 00:00:00
895,3250 South Meridian,None,Puyallup,Washington,United States,98371,3b2e6107-040b-4f60-8901-a950bf0562d4,2005-07-01 00:00:00
896,2255 254th Avenue Se,None,Albany,Oregon,United States,97321,77d18072-b99b-4b1e-a9b9-948fa927efbb,2007-09-01 00:00:00
897,705 SE Mall Parkway,None,Everett,Washington,United States,98201,77a34652-5d9b-40b6-a15a-56d7ee4056f4,2006-08-01 00:00:00
898,700 Se Sunnyside Road,None,Clackamas,Oregon,United States,97015,d88449db-7116-427b-bfaf-cae7c08de084,2007-09-01 00:00:00
899,North 93270 Newport Highway,None,Spokane,Washington,United States,99202,8ae1c168-958e-41da-92d8-7a3a0765f744,2007-08-01 00:00:00
900,25708 Dell Range Blvd.,None,Cheyenne,Wyoming,United States,82001,9b10fe3a-a1fb-497e-8bc2-e84e8c2a77da,2005-07-01 00:00:00
901,No. 60 Bellis Fair Parkway,None,Bellingham,Washington,United States,98225,8135b5dc-f7e9-401c-992c-93a058ada079,2007-09-01 00:00:00
902,950 Gateway Street,None,Springfield,Oregon,United States,97477,e8beecaf-8668-4d53-97e8-405bc6978def,2006-09-01 00:00:00
903,250775 SW Hillsdale Hwy,None,Beaverton,Oregon,United States,97005,ac8f33f8-4dc4-467d-b459-788d84749c5d,2006-08-01 00:00:00
904,9905 Three Rivers Drive,None,Kelso,Washington,United States,98626,01a85112-6ee1-4f2c-9212-1c2abc612e67,2006-07-01 00:00:00
905,225 South 314th Street,None,Federal Way,Washington,United States,98003,d305d73c-d595-4961-b870-0dcecb7c6ea9,2006-11-01 00:00:00
906,7009 Sw Hall Blvd.,None,Tigard,Oregon,United States,97223,b8efdbfa-3ba9-45d8-9c09-646dd0c8af93,2006-09-01 00:00:00
907,99295 S.e. Tualatin Valley_hwy.,None,Hillsboro,Oregon,United States,97123,a0e88130-6262-4484-815e-e5c485bf3eac,2007-08-01 00:00:00
988,482505 Warm Springs Blvd.,None,Fremont,California,United States,94536,cd6d22b0-d941-4928-b6f7-1508021e6539,2006-09-01 00:00:00
989,39933 Mission Oaks Blvd,None,Camarillo,California,United States,93010,8b1241ca-1db6-4f9d-861e-1d6cc3796443,2007-09-01 00:00:00
990,5420 West 22500 South,None,Salt Lake City,Utah,United States,84101,7612c47a-e24a-4bd8-9b8b-3aed15af64f9,2006-07-01 00:00:00
991,60025 Bollinger Canyon Road,None,San Ramon,California,United States,94583,962a4d00-c5aa-41cc-b7bc-2afbe2fa65b8,2006-09-01 00:00:00
992,9992 Whipple Rd,None,Union City,California,United States,94587,88258a1b-b50f-440f-93b9-5d7af831d5fc,2006-09-01 00:00:00
993,Corporate Office,None,El Segundo,California,United States,90245,6cccc74f-6389-4d08-8ed1-9079b42cf7ae,2006-09-01 00:00:00
994,25001 Montague Expressway,None,Milpitas,California,United States,95035,89901b2a-fda8-4926-b22c-dd5d583681a6,2006-07-01 00:00:00
995,4460 Newport Center Drive,None,Newport Beach,California,United States,92625,d6b9e9e9-f288-4590-be12-8ddbb5e53bc2,2006-07-01 00:00:00
996,2575 West 2700 South,None,Salt Lake City,Utah,United States,84101,708fc1dd-4994-4aa5-80a5-8c977c37aa15,2006-08-01 00:00:00
997,70259 West Sunnyview Ave,None,Visalia,California,United States,93291,7c2e0511-de61-4761-80ea-6a7b2f39e524,2007-09-01 00:00:00
998,60750 San Clemente,None,Hayward,California,United States,94541,822dc2be-aac2-4283-93a6-5027cfb6a7df,2007-09-01 00:00:00
999,Receiving,None,Fullerton,California,United States,92831,93d3c32f-cc26-4f27-b91f-35a804554976,2006-09-01 00:00:00
1000,22555 Paseo De Las Americas,None,San Diego,California,United States,92102,982bdcc2-6429-4725-a6df-4faf032ec908,2006-08-01 00:00:00
1001,Incom Sports Center,None,Ontario,California,United States,91764,079e5de8-169f-4eb6-be75-813b40a0143e,2005-08-01 00:00:00
1002,C/O Starpak, Inc.,None,Greeley,Colorado,United States,80631,512bd07c-7ed7-421b-923f-d41999bd5bd7,2006-08-01 00:00:00
1003,5967 W Las Positas Blvd,None,Pleasanton,California,United States,94566,6b26292f-1ebe-41ce-9a3e-ff42d3c10a44,2007-07-01 00:00:00
1004,25600 E St Andrews Pl,None,Santa Ana,California,United States,92701,489390e0-48c0-4bb4-a5dc-38c4b39ea833,2005-09-01 00:00:00
1005,6756 Mowry,None,Newark,California,United States,94560,cfb5ed2a-43fe-4102-8413-73c74dacc79e,2006-08-01 00:00:00
1006,25472 Marlay Ave,None,Fontana,California,United States,92335,90c5f983-b302-4f6c-9d8a-bfb9e1bff406,2007-09-01 00:00:00
1007,77 Beale Street,Room 99767c,San Francisco,California,United States,94109,5122f535-c03e-4244-90c8-5d360c0c4cc4,2005-09-01 00:00:00
1008,910 Main Street.,None,Sparks,Nevada,United States,89431,f12c6f58-6095-47d4-9fa0-21a639b90db9,2006-08-01 00:00:00
1009,2500 N Serene Blvd,19th Floor,El Segundo,California,United States,90245,7619e3bd-780b-45b1-a477-8fc3e0948352,2007-08-01 00:00:00
1010,5650 West 88th Ave.,None,Westminster,Colorado,United States,80030,bd7fa7a0-4cbe-442a-a5e5-e5e2b79214ec,2007-08-01 00:00:00
1011,9700 Sisk Road,None,Modesto,California,United States,95354,fb563347-c157-43b3-a7e4-a851495df874,2006-09-01 00:00:00
1012,789 West Alameda,None,Westminster,Colorado,United States,80030,73bf97f3-e4e3-402d-8609-7839aebaa947,2006-09-01 00:00:00
1013,54254 Pacific Ave.,None,Stockton,California,United States,95202,7b82a39f-d175-4543-8f6f-ae6fe9c34a99,2006-08-01 00:00:00
1014,25136 Jefferson Blvd.,None,Culver City,California,United States,90232,05196d3f-f726-4ab9-a66b-af87500846ad,2006-09-01 00:00:00
1015,99000 S. Avalon Blvd. Suite 750,None,Carson,California,United States,90746,206163d9-0324-476d-909e-607fe07b2a2a,2005-08-01 00:00:00
1016,72502 Eastern Ave.,None,Bell Gardens,California,United States,90201,06431d74-4caf-442c-870e-efc20f9d45b8,2006-09-01 00:00:00
1017,2560 E. Newlands Dr,None,Fernley,Nevada,United States,89408,5d07c55b-9e6a-49de-8f49-04f28ad2f36a,2005-09-01 00:00:00
1018,630 N. Capitol Ave.,None,San Jose,California,United States,95112,aceb7a03-c8e6-43f6-94f2-266e571bd413,2007-07-01 00:00:00
1019,4660 Rodeo Road,None,Santa Fe,New Mexico,United States,87501,4fe824c1-f1bc-48b6-a4fd-6b866d0d07c8,2007-09-01 00:00:00
1020,251340 E. South St.,None,Cerritos,California,United States,90703,ba72737a-0827-46a8-af5b-971fd8464a87,2005-09-01 00:00:00
1021,440 West Huntington Dr.,None,Monrovia,California,United States,91016,2ae4d8c2-6d11-4945-a032-430dc8ce5b1b,2005-07-01 00:00:00
1022,99235 Hawthorne Blvd.,None,Torrance,California,United States,90505,52724cd9-1dc9-4d28-9b89-c404692c0b73,2005-07-01 00:00:00
1023,870 N. 54th Ave.,None,Chandler,Arizona,United States,85225,26d3a3ec-3d51-493e-a541-a0cc80b54f35,2007-07-01 00:00:00
1024,9952 E. Lohman Ave.,None,Las Cruces,New Mexico,United States,88001,42af4b56-ece2-4595-929d-fb60db1392d9,2005-07-01 00:00:00
1025,2530 South Colorado Blvd.,None,Denver,Colorado,United States,80203,012ef479-5dad-4009-b456-24e47ca1f472,2005-09-01 00:00:00
1026,955 E. County Line Rd.,None,Englewood,Colorado,United States,80110,17a96f13-8658-4f02-a557-2bc4463ade21,2007-09-01 00:00:00
1027,409 Santa Monica Blvd.,None,Santa Monica,California,United States,90401,58d58e3e-bf3e-4e0c-8f96-1717821e3516,2006-09-01 00:00:00
1028,Mall Of Orange,None,Orange,California,United States,92867,8d9b75cc-90c4-4e15-b69c-891126386ba6,2005-08-01 00:00:00
1029,Topanga Plaza,None,Canoga Park,California,United States,91303,0b945127-9c6f-47a1-80e4-2fb0e057fa55,2007-07-01 00:00:00
1030,Escondido,None,Escondido,California,United States,92025,e5b6618d-a92b-4da1-ba99-316babfff7db,2006-08-01 00:00:00
1031,Natomas Marketplace,None,Sacramento,California,United States,95814,27af5ed8-d33a-4fb2-9c55-d5cdd5017cd4,2006-08-01 00:00:00
1032,Simi @ The Plaza,None,Simi Valley,California,United States,93065,8e4a379f-f6d6-4995-aa19-6db50325d0fe,2005-08-01 00:00:00
1033,Lakewood Mall,None,Lakewood,California,United States,90712,d28c7fef-9ea3-458f-a2b9-11964c3cc60b,2007-07-01 00:00:00
1034,Oxnard Outlet,None,Oxnard,California,United States,93030,300d2a6e-67b4-417b-83a9-2026818a21c6,2007-09-01 00:00:00
1035,Vista Marketplace,None,Alhambra,California,United States,91801,7795fcdf-76c3-4627-86b2-0291398868de,2006-09-01 00:00:00
1036,Sports Store At Park City,None,Park City,Utah,United States,84098,a04ec332-1120-4ac3-837e-97efc40636b2,2005-09-01 00:00:00
1037,North County Square,None,Vista,California,United States,92084,5a794553-877e-4977-8e76-de38aa064ebd,2005-09-01 00:00:00
1038,123 Camelia Avenue,None,Oxnard,California,United States,93030,a86c8140-ad7d-4caa-9b40-4006bd9998e2,2007-09-01 00:00:00
1039,Mountain Square,None,Upland,California,United States,91786,8f1bdc33-0bfb-41d0-bb85-71aafe6126e7,2006-09-01 00:00:00
1040,Fox Hills,None,Culver City,California,United States,90232,5042b0a9-d10a-4f99-9f6f-50f96defa226,2005-08-01 00:00:00
1041,Parkway Plaza,None,El Cajon,California,United States,92020,c0fdc154-d2b5-480d-a5da-4e0d6b5d750c,2005-11-01 00:00:00
1042,Stonewood Mall,None,Downey,California,United States,90241,d1d79211-aec3-424d-a279-af1d01da3ec2,2005-08-01 00:00:00
1043,Hanford Mall,None,Hanford,California,United States,93230,f4f57d92-1839-49f4-a491-63f43215aaf1,2005-12-01 00:00:00
1044,Ontario Mills,None,Ontario,California,United States,91764,c66b86d8-bdfc-4161-9cbf-9a46d5f57b91,2007-07-01 00:00:00
1045,Nut Tree Factory,None,Vacaville,California,United States,95688,eb58eebb-3f55-45d1-9702-eddaccd687e2,2005-08-01 00:00:00
1046,Rocky Mountain Pines Outlet,None,Loveland,Colorado,United States,80537,518e7219-193f-4d72-90c9-e82f201afbe4,2005-08-01 00:00:00
1047,Stevens Creek Shopping Center,None,San Jose,California,United States,95112,0e6f74f0-9128-4688-9007-6395d6c6f4c4,2006-09-01 00:00:00
1048,Factory Merchants,None,Barstow,California,United States,92311,470574f9-6a06-43dc-a4b9-de3c8d88b0e6,2005-09-01 00:00:00
1049,The Citadel Commerce Plaza,None,City Of Commerce,California,United States,90040,42cd575b-22a1-42e0-93bb-d8ee998e4fb7,2005-09-01 00:00:00
1050,University Town Center,None,San Diego,California,United States,92102,6d9ebb03-5c5a-4a20-8910-12d894591727,2005-09-01 00:00:00
1051,Pavillion @ Redlands,None,Redlands,California,United States,92373,b2f0f099-ddd2-4ab6-90af-972d72186937,2005-10-01 00:00:00
1052,San Diego Factory,None,San Ysidro,California,United States,92173,8c3cff8c-3a5d-419a-8dd8-3349c29aa3fd,2005-08-01 00:00:00
1053,Pacific West Outlet,None,Gilroy,California,United States,95020,de6463d5-42d9-4d34-ac99-4aaa19fab3ca,2005-08-01 00:00:00
1054,Belz Factory Outlet,None,Las Vegas,Nevada,United States,89106,0e75e01f-76d4-4420-beb7-0033f16dea62,2005-08-01 00:00:00
1055,Camarillo Athletic Stores,None,Camarillo,California,United States,93010,30e691f7-1d06-4df7-aedf-627ad911a770,2005-08-01 00:00:00
1056,Lake Elisnor Place,None,Lake Elsinore,California,United States,92530,596345c5-0be2-444d-ba93-d109713bc0b6,2005-08-01 00:00:00
1057,Norwalk Square,None,Norwalk,California,United States,90650,ccce93be-ab0b-4211-8407-5be45034534c,2005-09-01 00:00:00
1058,Riverside,None,Sherman Oaks,California,United States,91403,a26100f0-511f-45a2-879a-ff365794fcf5,2007-09-01 00:00:00
1059,The Quad @ WestView,None,Whittier,California,United States,90605,2215f750-1863-4aff-926d-de309c298de9,2007-07-01 00:00:00
1060,Arcadia Crossing,None,Phoenix,Arizona,United States,85004,cc91297c-567b-4186-96c8-2ba6f0875e73,2006-07-01 00:00:00
1061,Eastern Beltway Center,None,Las Vegas,Nevada,United States,89106,84603598-f6d4-4e26-9b9e-6a468365d4d8,2005-12-01 00:00:00
1062,Factory Stores/tucson,None,Tucson,Arizona,United States,85701,c15eca9a-6054-40e4-8d09-d4341aabce2d,2005-09-01 00:00:00
1063,Viejas Outlet Center,None,Alpine,California,United States,91901,4f8ec2c2-71d6-4b7f-bcc7-808e17696373,2007-09-01 00:00:00
1064,West Park Plaza,None,Irvine,California,United States,92614,365914ce-cbb2-429b-a2d8-24638fcf17fc,2006-01-01 00:00:00
1065,Factory Stores Of America,None,Mesa,Arizona,United States,85201,1b96d3a3-ed06-482f-a813-7136e5aaa57d,2006-09-01 00:00:00
1066,Prime Outlets,None,Phoenix,Arizona,United States,85004,bd687691-297f-4b72-9465-c8dbd0f8e2ee,2005-09-01 00:00:00
1067,Bayshore Mall,None,Eureka,California,United States,95501,001d1a67-585c-44b2-aac6-1199afd7425f,2006-09-01 00:00:00
1068,7709 West Virginia Avenue,None,Phoenix,Arizona,United States,85004,b8184c93-a8de-4321-b381-1babc7088d60,2006-07-01 00:00:00
1069,6900 Sisk Road,None,Modesto,California,United States,95354,60110399-edf3-4c06-ac87-1d9856e9d2e3,2005-07-01 00:00:00
1070,3250 Baldwin Park Blvd,None,Baldwin Park,California,United States,91706,957ec59c-7a7d-438e-9014-20fbeb807e99,2005-08-01 00:00:00
1071,5867 Sunrise Boulevard,None,Citrus Heights,California,United States,95610,a64fc10b-61f7-4102-b076-e9cb77e9ec8f,2006-11-01 00:00:00
1072,6500 East Grant Road,None,Tucson,Arizona,United States,85701,b9265d45-3fed-4b7d-aeea-00d0e54b3cc7,2007-09-01 00:00:00
1073,3065 Santa Margarita Parkway,None,Trabuco Canyon,California,United States,92679,c5c0801f-f124-4a5e-b8ba-0ace3bf0f993,2005-07-01 00:00:00
1074,9920 Bridgepointe Parkway,None,San Mateo,California,United States,94404,c346981b-2093-474a-9bc0-54ce2e0e4a94,2005-07-01 00:00:00
1075,5525 South Hover Road,None,Longmont,Colorado,United States,80501,e5fa71b3-685a-4d11-bc0c-e4aa69cd4ded,2006-07-01 00:00:00
1076,8525 South Parker Road,None,Parker,Colorado,United States,80138,d4f4ab28-5f27-4f89-a0d6-5fcea394bb47,2005-08-01 00:00:00
1077,7505 Laguna Boulevard,None,Elk Grove,California,United States,95624,b6213e39-9da3-4423-8756-0b195ed95fb4,2005-11-01 00:00:00
1078,9909 W. Ventura Boulevard,None,Camarillo,California,United States,93010,0a911f46-295e-4485-a9d8-90dfcc0c9223,2006-08-01 00:00:00
1079,25150 El Camino Real,None,San Bruno,California,United States,94066,9f1bc24e-66f2-41e2-94a2-d1001c050bb4,2005-09-01 00:00:00
1080,2575 Rocky Mountain Ave.,None,Loveland,Colorado,United States,80537,bcc0867e-cb4e-4852-994e-03abed8c95ab,2006-08-01 00:00:00
1081,25871 North Main Street,None,Walnut Creek,California,United States,94596,a00218d5-482d-44c2-8cd0-6f65af8642d3,2006-08-01 00:00:00
1082,2551 East Warner Road,None,Gilbert,Arizona,United States,85233,d88afbda-b59b-496e-ba6d-b3b2356574ff,2007-08-01 00:00:00
1083,22589 West Craig Road,None,North Las Vegas,Nevada,United States,89030,a4c2efe6-17e5-4dd5-9bed-6743405627e7,2007-05-01 00:00:00
1084,25751 University Drive,None,Vista,California,United States,92084,bd3035f6-4018-4e4c-8d70-6dd3f4fe8eb4,2007-05-01 00:00:00
1085,49925 Crestview Drive N.E.,None,Rio Rancho,New Mexico,United States,87124,3a1f16cf-6889-40b2-b067-7d044a8c7d42,2005-09-01 00:00:00
1086,57251 Serene Blvd,None,Van Nuys,California,United States,91411,7df3a412-f2b3-4abb-88e1-21d4677f1311,2007-09-01 00:00:00
1087,253731 West Bell Road,None,Surprise,Arizona,United States,85374,4ba77e6a-4a47-4bfe-8aeb-dbfea179795d,2006-08-01 00:00:00
1088,99040 California Avenue,None,Sand City,California,United States,93955,a18799a1-342a-4b6c-a63c-8e4e2c07f734,2007-07-01 00:00:00
1089,25620 Firestone Boulevard,None,Norwalk,California,United States,90650,31a07731-18ff-4100-8319-b4704f414497,2007-07-01 00:00:00
1090,25130 South State Street,None,Sandy,Utah,United States,84070,cf3ae92a-3e66-4af0-b683-731826e89cd1,2007-09-01 00:00:00
1091,5500 Grossmont Center Drive,None,La Mesa,California,United States,91941,24f1dbc4-7fdc-4edb-b3cb-640f9fb72534,2005-09-01 00:00:00
1092,99700 Bell Road,None,Auburn,California,United States,95603,79cdd89c-3c91-48db-8277-46d04aad7251,2006-09-01 00:00:00
1093,7750 E Marching Rd,None,Scottsdale,Arizona,United States,85257,f181458a-b5a3-4944-b7b1-73dcad67c14e,2007-08-01 00:00:00
1094,25250 N 90th St,None,Scottsdale,Arizona,United States,85257,3e024d96-b7d3-4622-ab9b-0724b91b7832,2005-09-01 00:00:00
1095,9980 S Alma School Road,None,Chandler,Arizona,United States,85225,b09b3f8e-89f2-4528-9578-53cbcf805b4a,2007-02-01 00:00:00
1096,6753 Howard Hughes Parkway,None,Las Vegas,Nevada,United States,89106,30c83112-a09f-4e26-9ad7-4fd6c10fec4e,2006-10-01 00:00:00
1097,Corp Ofc Accts Payable,None,El Segundo,California,United States,90245,5f6d242f-dda3-462c-bec1-097c63913176,2005-09-01 00:00:00
1098,Po Box 252525,None,Santa Ana,California,United States,92701,7d2bd572-f8ab-435a-a47b-3a534d7d9cdc,2006-09-01 00:00:00
1099,62500 Neil Road,None,Reno,Nevada,United States,89502,be51f10f-1a66-46e6-8154-9fe01597769c,2005-08-01 00:00:00
1100,4635 S. Harrison Blvd.,None,Ogden,Utah,United States,84401,be4dfeef-cb1c-4af8-b517-3214c7c1f311,2007-09-01 00:00:00
1101,825 W 500 S,None,Bountiful,Utah,United States,84010,2e6d7491-e0a8-4c79-98ce-bac61a07fb25,2006-10-01 00:00:00
1102,603 Gellert Blvd,None,Daly City,California,United States,94015,a8dcad62-8678-458c-87eb-e2c2e550ff80,2005-12-01 00:00:00
1103,2564 S. Redwood Rd.,None,Riverton,Utah,United States,84065,e299e96d-63cb-4acc-9bfd-5f0c23ae5820,2005-11-01 00:00:00
1104,9927 N. Main St.,None,Tooele,Utah,United States,84074,ce0fa600-8761-402c-a6c0-84fb6244984b,2005-08-01 00:00:00
1105,566 S. Main,None,Cedar City,Utah,United States,84720,c16f92ab-817f-42d1-a560-bc0f86fe2783,2006-07-01 00:00:00
11380,165 North Main,None,Austin,Texas,United States,78701,412e3088-1fb8-4a1f-b3a8-abb23a4f01c1,2006-07-01 00:00:00
11381,2000 300th Street,None,Denver,Colorado,United States,80203,a9dbb460-a624-4e6a-aa22-311ee18f6746,2005-09-01 00:00:00
11382,99 Front Street,None,Minneapolis,Minnesota,United States,55402,878660a8-a9fe-4ef8-8d2d-53c614c6f042,2005-08-01 00:00:00
